<?xml version="1.0" encoding="UTF-8" ?>
<assembly xmlns="http://maven.apache.org/plugins/maven-assembly-plugin/assembly/1.1.2"
          xmlns:xsi="http://www.w3.org/2001/XMLSchema-instance"
          xsi:schemaLocation="http://maven.apache.org/plugins/maven-assembly-plugin/assembly/1.1.2 http://maven.apache.org/xsd/assembly-1.1.2.xsd">
  <id>tarball</id>
  <formats>
    <format>tar.bz2</format>
  </formats>
  <fileSets>
    <fileSet>
      <directory></directory>
      <outputDirectory>/</outputDirectory>
      <includes>
        <include>LICENSE.md</include>
      </includes>
      <fileMode>0644</fileMode>
      <lineEnding>unix</lineEnding>
    </fileSet>
    <fileSet>
      <directory>src/main/assembly</directory>
      <outputDirectory>/</outputDirectory>
      <includes>
        <include>README.txt</include>
        <include>AUTHORS.txt</include>
      </includes>
      <fileMode>0644</fileMode>
      <lineEnding>unix</lineEnding>
      <filtered>true</filtered>
    </fileSet>
  </fileSets>
  <dependencySets>
    <dependencySet>
      <outputDirectory>lib</outputDirectory> 
      <unpack>false</unpack>
      <scope>runtime</scope>
      <excludes>
        <exclude>org.usb4java:usb4java</exclude>
        <exclude>org.usb4java:libusb4java</exclude>
        <exclude>org.apache.commons:commons-lang3</exclude>
      </excludes>
    </dependencySet>
  </dependencySets>  
</assembly>
